{"cameraMode":{"drawMode":0,"name":"Shaded","section":"Shading Mode"},"sceneLighting":true,"audioPlay":false,"sceneViewState":{"showFog":true,"showMaterialUpdate":false,"showSkybox":true,"showFlares":true,"showImageEffects":true,"showParticleSystems":true},"in2DMode":false,"pivot":{"x":9.430047988891602,"y":0.5416421890258789,"z":-5.216213226318359},"rotation":{"x":-0.01909473165869713,"y":0.973089337348938,"z":-0.2123045027256012,"w":-0.0875200629234314},"size":23.07859992980957,"orthographic":false}